Country,UN,Ookla,2016,Victims-per-100000-habitants,percentage-GDP,HDI,2020,percentage-of-population-with-education-of-2-year-tertiary-degree-or-equivalent,Yes/Important(%),Christian(%),Muslim percentage of total population,Buddhist (%),Jewish (%),"2020 mortality rate, under-5 (per 1000 live births)",Age of criminal responsibility,Annual minimum wage (US$),External debt (% of GDP),Gini Ratio,Health spending per capita (International dollars),Suicide Rate,Total Fertility rate in 2021 (births/woman),Cigarettes,Obesity rate (%),Internet users,Median ages in years.1,Score,Oil production April 2022 (bbl/day)[1],CIA[2][3],Life expectancy at birth,kg/person (2020)[12],Incarceration rate per 100000,"Gender disparity, elderly (65+), rate",Age at first marriage (Women),Expenditure on education (% of GDP),Homeless per 10k,Calculated,Milk consumption 2013 (kg/capita/yr),Scientific publications per capita (per million),Titles,Average daily food energy intake per capita (kilocalories),Average yearly temperature (Celsius)
Monaco,234317.0,220.35,,0.0,,,,,,82.6,0.8,,,3.0,,24092.0,240.0,,3101.0,,,,,37553.0,55.4,,,0.66,,,36,,30.4,1.5,,,,6050.0,41.0,,13.55
Liechtenstein,169260.0,193.79,,2.0,,0.935,,,,84.4,5.4,0.1,—,,14,,0.0,,,,1.53,,,37201.0,43.7,,,0.7,,,31,,31.2,2.1,0.0,,,3193.0,,,5.8
Luxembourg,133745.0,154.26,13.0,4.0,,0.93,8.68,50.0,39.0,72.4,2.3,0.1,0.0043,2.8,18,32103.0,22.1,34.2,6227.0,8.6,1.38,6330.9,22.6,570794.0,39.5,75.9,,1.58,82.4,80.08,106,,31.8,4.0,37.5,,255.3,3554.0,2000.0,3465.0,8.65
Bermuda,112653.0,,,7.0,,,,,,64.7,1,0.5,0.00062,,,,47.0,,,,1.3,,,60349.0,43.6,,,0.32,,,200,,,,,,95.56,1218.0,,,
Ireland,101109.0,112.81,13.0,22.0,,0.945,9.05,52.0,54.0,83.8,1.4,0.2,0.017,3.0,10,28302.0,548.53,26.9,5484.0,8.9,1.72,976.5,25.3,4024552.0,37.8,80.5,,0.91,81.8,76.85,91,,34.8,3.7,16.0,,291.86,3309.0,1773.0,3885.0,9.3
Switzerland,93525.0,188.69,11.5,42.0,0.8,0.962,8.83,49.0,41.0,66.9,5.2,0.4,0.11,4.0,15,,284.57,33.1,9871.0,9.8,1.52,1489.8,19.5,7942864.0,42.7,81.9,,0.64,83.4,67.54,73,,30.1,5.1,2.55,,318.69,5461.0,12156.0,3354.0,5.1
Norway,89242.0,159.99,7.5,29.0,1.6,0.961,9.81,48.0,,76.7,3.2,0.6,0.0080,2.2,15,,133.14,25.3,8272.0,11.8,1.55,552.8,23.1,5120225.0,39.5,73.0,1704297.0,0.79,82.6,67.47,55,,34.1,8.0,7.0,,261.34,4654.0,14114.0,3371.0,1.5
Cayman Islands,85250.0,,,3.0,,,,,,66.9,0.2,,,,,,7.0,,,,,,,49906.0,40.5,,,1.79,,,266,94.7,,,,,,410.0,,,
Singapore,66822.0,259.11,2.5,6.0,2.8,0.939,6.03,,70.0,18.9,15.6,33.9,0.0056,2.2,10,,158.13,45.9,2642.0,9.7,1.12,851.2,6.1,4821119.0,35.6,89.4,,0.9,83.2,,156,84,27.9,2.9,,,,4232.0,12000.0,,26.45
Qatar,66799.0,105.2,2.0,9.0,7.0,0.855,3.24,,95.0,13.8,77.5,3.1,,5.8,7,,106.09,41.1,2156.0,4.7,1.8,1020.3,35.1,2532059.0,33.7,72.6,1321192.0,0.86,77.2,,58,41,25.4,2.9,,,,1815.0,209.0,,27.15
United States,69185.0,191.97,9.8,22941.0,3.5,0.921,7.92,51.1,65.0,65.0,1.1,1.2,35,6.3,varies by state[117],15080.0,122.56,39.4,10285.0,14.5,1.66,1016.6,41.9,311300000.0,38.5,76.8,11884154.0,0.68,,,531,,28.6,6.1,17.5,,254.69,1875.0,275232.0,3782.0,8.55
Isle of Man,,,,0.0,,,,,,,0.2,,,,,,,,,,1.56,,,,44.6,,,0.48,,,103,,,,,,,,,,
Iceland,69133.0,,9.1,2.0,,0.959,9.37,40.0,,72.3,0.2,0.4,—,1.9,15,,81.0,23.2,6234.0,11.2,1.82,848.1,21.9,329196.0,37.1,77.1,,0.89,82.3,91.02,35,,32.7,7.5,10.3,,225.82,4622.0,1767.0,3654.0,−0.70
Denmark,68037.0,210.71,10.4,47.0,1.2,0.948,9.15,44.0,19.0,79.0,5.4,0.2,0.040,3.6,15,,119.0,27.0,6233.0,7.6,1.72,1298.0,19.7,5407278.0,42.0,76.7,64791.0,0.44,81.3,70.83,72,,32.7,7.6,9.9,1.0,277.3,5110.0,10715.0,3401.0,6.95
Faroe Islands,,,,,,,,,,95.4, 0.1,,—,,,,38.0,22.71,,,2.29,,,48097.0,37.2,,,0.63,,,23,,,,,,,1378.0,,,
Channel Islands,,,,,,,,,,,,,,,,,,,,,,,,,,,,,,,,,,,,,,,,,
Australia,66916.0,77.88,10.6,193.0,1.9,0.951,8.96,48.0,,43.9,3.2,2.7,0.73,3.7,12,34515.0,111.17,34.3,5864.0,11.3,1.7,917.0,29.0,21159515.0,37.5,80.9,310919.0,1.19,83.0,121.61,158,,30.5,5.3,48.0,,234.49,4109.0,19241.0,3391.0,21.65
Netherlands,57871.0,152.94,8.7,114.0,1.6,0.941,8.96,45.0,,37.0,5,0.2,0.18,4.2,16,24925.0,381.62,26.4,5331.0,9.3,1.62,1459.9,20.4,15877494.0,42.8,76.8,29451.0,0.36,81.8,75.82,65,,30.9,5.5,18.0,,341.47,3534.0,16502.0,3297.0,9.25
San Marino,50425.0,115.27,,0.0,,0.853,,,,91.6, 0.1,,,1.8,14,21310.0,23.0,,4115.0,,,,,20100.0,45.2,,,0.59,,,26,,30.7,3.2,,,,1484.0,,,11.85
Austria,53840.0,117.31,11.6,65.0,,0.916,8.16,39.0,,60.0,8,0.2,0.064,3.6,14,,77.76,26.7,5337.0,10.4,1.48,1927.0,20.1,7681957.0,44.5,72.0,9953.0,0.31,81.6,87.23,97,,30.8,5.5,25.4,,258.09,3044.0,8711.0,3695.0,6.35
Greenland,58185.0,,,3.0,,,,,,96.6, 0.1,,,,,,2.0,,,,1.8,,,39242.0,34.3,,,-0.04,,,241,,,,,,,2048.0,,,
Sweden,60730.0,169.0,9.2,113.0,1.3,0.947,9.26,46.0,17.0,64.3,7.1,0.4,0.093,2.6,15,,171.81,26.8,6005.0,12.4,1.67,716.2,20.6,9554907.0,41.1,75.2,,0.51,82.4,77.07,74,,33.9,7.7,36.0,,341.23,4141.0,8118.0,3184.0,1.75
Finland,53703.0,119.32,10.7,91.0,,0.94,9.2,41.0,,67.1,1.8,0.1,0.0080,2.3,15,,71.3,25.7,4522.0,13.4,1.46,1098.8,22.2,5410000.0,42.8,74.9,,0.22,81.6,76.7,51,,32.1,6.9,7.9,,430.76,3948.0,10208.0,3343.0,1.55
Macau,43555.0,170.3,,3.0,,,,,,,0.1,17.3,,,,9972.0,,36.0,,,1.09,,,,40.8,71.0,,0.71,,,,,,,,,,,,,
Belgium,51166.0,107.12,12.1,125.0,1.2,0.937,7.51,43.0,,65.0,7.6,0.2,0.18,4.2,12,24005.0,104.42,24.9,5142.0,13.9,1.6,2440.9,22.1,10021242.0,41.6,67.3,,0.55,81.4,65.78,97,,30.0,6.5,11.7,1.0,236.19,2976.0,13913.0,3769.0,9.55
Canada,52112.0,175.61,8.9,788.0,1.2,0.936,9.24,59.0,42.0,53.3,4.9,0.8,2.4,5.0,12,24128.0,126.94,30.3,5053.0,10.3,1.43,1021.3,29.4,33950632.0,41.8,77.7,4543800.0,0.73,82.2,82.63,85,,29.6,5.5,10.0,,187.77,3184.0,10433.0,3566.0,−5.10
Israel,54111.0,147.36,3.8,173.0,4.5,0.919,7.84,46.0,51.0,3.5,18,0.3,,3.6,12,19690.0,29.28,38.6,3220.0,5.2,3.0,1280.7,26.1,6788737.0,30.4,72.8,,1.43,82.6,97.02,168,79.8,28.2,5.8,29.0,,193.6,2402.0,8411.0,3528.0,19.2
Germany,51073.0,120.93,13.4,695.0,1.4,0.942,8.67,30.0,40.0,53.9,5.4–5.7,0.3,0.73,3.7,14,29520.0,65.33,29.7,5504.0,8.3,1.58,1599.5,22.3,77794405.0,47.8,73.5,33242.0,-0.12,81.7,87.79,67,,32.1,4.8,31.4,,258.7,2097.0,79916.0,3554.0,8.4
Hong Kong,49259.0,265.17,,23.0,,0.952,5.57,,24.0,18.4,4.1,13.2,,,10,10039.0,504.1,53.9,,,0.77,,,,45.6,90.2,,0.15,,137.08,106,,30.6,3.3,,,105.85,3273.0,14603.0,3267.0,21.45
United Arab Emirates,43295.0,151.09,3.8,44.0,,0.911,2.7,,91.0,9.0,72,2.0,,6.6,7,,59.69,26.0,1915.0,5.2,1.46,748.5,31.7,8913217.0,38.4,77.1,,0.58,76.1,62.03,104,42.1,25.3,1.3,,,132.66,1061.0,293.0,3314.0,26.65
British Virgin Islands,49444.0,,,2.0,,,,,,94.0,1.2,,—,,,,2.0,,,,1.0,,,14456.0,37.2,,,1.87,,,,,,,,,,,,,
United Kingdom,46542.0,92.63,11.4,,2.2,0.929,8.54,49.0,27.0,38.0,3.3,0.4,1.8,4.2,11,29690.0,287.08,36.6,4228.0,6.9,1.56,827.7,27.8,65001016.0,40.6,78.9,744965.0,0.49,81.4,79.9,143,,31.7,3.9,54.4,,232.2,2959.0,186000.0,3344.0,8.45
New Zealand,48824.0,153.88,10.7,129.0,,0.937,9.25,39.0,,37.0,0.9,1.6,0.046,4.7,10,33487.0,81.76,33.9,3958.0,10.3,1.64,685.1,30.8,4273353.0,37.2,84.4,6551.0,1.06,82.0,100.9,162,,29.4,6.4,217.3,,137.25,3286.0,2526.0,3191.0,19.53
France,44229.0,192.25,12.6,734.0,,0.903,7.99,45.0,30.0,51.1,8.8,0.5,2.8,4.4,13,24259.0,112.06,29.3,4669.0,9.7,1.83,1089.9,21.6,59470000.0,41.7,63.8,11969.0,0.31,82.5,83.05,107,,32.0,5.4,45.0,,241.31,1664.0,106799.0,3502.0,10.7
Andorra,42066.0,191.23,11.3,2.0,,0.858,,,,89.5,2.6,0.1,,2.5,12,18253.0,41.0,,3188.0,,,6398.3,25.6,76095.0,46.2,,,-0.11,,,64,,,3.2,,,,453.0,57.0,,7.6
European Union,31875.0,,,,,,,,,,,,,,,,,30.6,,,,,,,44.0,,,,,,,,,,,,,,,,
US Virgin Islands,,,,,,,,,,,,0.1,,,,,,,,,,,,,,,,,,,,,,,,,,,,,
Malta,33642.0,134.48,8.1,2.0,,0.918,7.68,,86.0,91.6,2.6,0.1,0.0031,6.5,,11245.0,691.0,31.0,2754.0,5.3,1.14,1527.9,28.9,344970.0,42.3,68.6,,0.59,81.9,82.06,113,85.8,28.5,5.3,,,190.06,1974.0,511.0,3420.0,19.2
Italy,35579.0,90.93,7.5,303.0,1.7,0.895,7.74,25.0,72.0,83.0,4.8,0.2,0.17,2.9,14,,143.09,35.2,3003.0,4.3,1.25,1493.3,19.9,50540000.0,46.5,62.2,83151.0,-0.11,83.0,80.96,97,96.7,31.5,3.8,8.4,,246.88,2159.0,125948.0,3503.0,13.45
Puerto Rico,32716.0,,,556.0,,,,,,89.0, 0.1,0.3,0.0093,,,,161.93,,,,0.91,,,2664928.0,43.6,,,-1.29,,,221,84.5,,6.1,,,,265.0,,,
New Caledonia,34994.0,,,8.0,,,,,,,2.8,0.6,,,,,1.0,,,,2.02,,,226557.0,32.9,,,1.17,,68.61,195,90.6,,,,,108.0,676.0,,2858.0,
Sint Maarten,26199.0,,,,,,,,,,,,,,,,,,,,1.58,,,,41.1,,,1.19,,,196,,,,,,,,,,
Guam,,,,7.0,,,,,,, 0.1,1.1,,,,,,,,,2.57,,,132221.0,29.4,,,0.13,,,408,95.9,,,,,,494.0,,,
Aruba,29342.0,,,2.0,,,,,,88.0,0.4,0.1,—,,,,28.0,,,,1.18,,,102285.0,39.9,,,1.11,,,238,88.9,,,,,,198.0,,,
Cyprus,32281.0,50.46,10.8,16.0,,0.896,7.56,,75.0,79.0,25.3,0.2,0.0031,2.8,14,,849.0,29.4,2021.0,3.2,1.32,1961.4,21.8,952369.0,37.9,68.1,,1.0,83.1,72.83,103,93.8,29.6,6.4,,,113.31,4087.0,930.0,3019.0,18.45
Brunei,31449.0,,0.4,2.0,,0.829,,,,7.1,80.9,8.6,,11.5,7,,2.8,,754.0,2.5,1.78,9.7,14.1,406705.0,31.1,,83759.0,1.43,,,,,,,,,,,,,
Bahamas,27478.0,55.99,4.4,119.0,,0.812,,,,95.0,0.1,0.1,0.0012,12.3,,,194.0,,1920.0,3.4,1.39,438.6,31.6,336057.0,,,,0.8,73.2,67.05,409,,27.0,2.8,,,104.76,219.0,,2655.0,24.85
Japan,39650.0,167.18,8.0,285.0,1.1,0.925,8.13,60.0,24.0,1.1,0.1,36.2,0.0062,2.5,14,16924.0,98.44,33.4,4288.0,12.2,1.3,1583.2,4.3,117400000.0,48.6,72.1,3243.0,-0.41,84.3,49.33,36,,30.0,3.6,0.2,,72.06,1016.0,139078.0,2705.0,11.15
South Korea,34940.0,241.58,10.2,270.0,2.7,0.925,8.01,69.0,43.0,,0.1,22.9,0.00062,3.0,12,20990.0,38.62,34.5,2519.0,21.2,0.81,1667.4,4.7,49421084.0,43.2,72.3,,0.23,83.3,70.71,103,,31.0,5.1,2.0,,29.05,1762.0,63476.0,3420.0,11.5
Spain,30058.0,186.4,10.0,290.0,1.5,0.905,8.12,41.0,49.0,59.2,2.6,0.1,0.080,3.2,18,17457.0,111.84,33.0,2741.0,5.3,1.19,1499.0,23.8,42400756.0,43.9,65.7,19.0,0.12,83.2,100.26,116,94.7,33.6,4.2,8.6,,164.29,2202.0,83622.0,3322.0,13.3
Saudi Arabia,23186.0,90.24,0.2,285.0,,0.875,2.08,26.0,93.0,5.0,96.2,0.3,,7.0,12,12800.0,23.83,45.9,1291.0,5.4,2.43,1341.0,35.4,34840000.0,30.8,60.7,,1.65,74.3,54.13,207,51.4,20.4,5.6,,,83.65,1037.0,2387.0,3307.0,24.65
Slovenia,29135.0,108.47,12.6,9.0,,0.918,7.54,41.0,47.0,68.0,3.6,0.1,0.00062,2.2,14,17079.0,104.0,23.5,2170.0,14.0,1.64,2236.5,20.2,1640893.0,44.9,65.5,,-0.08,81.3,76.4,70,99.3,30.7,4.8,5.0,1.0,235.01,3228.0,5076.0,3191.0,8.9
Taiwan,,163.85,,,1.6,,8.94,,,,0.3,21.3,0.00062,,13,11973.0,24.4,34.1,,,,,,21920626.0,42.3,77.3,196.0,0.03,,77.57,234,,30.4,,,,41.72,1677.0,28084.0,2983.0,
Kuwait,32150.0,130.66,0.0,11.0,4.5,0.831,3.8,,91.0,15.0,74.6,2.8,,8.9,7,2400.0,0.42,,1661.0,2.7,2.11,1412.7,37.9,4053797.0,29.7,60.8,,1.13,81.0,67.12,103,69.5,27.5,3.8,,,157.66,502.0,196.0,3471.0,27.15
Estonia,27991.0,78.58,,26.0,,0.89,7.84,41.0,16.0,26.8, 0.1,0.1,0.012,2.1,14,10578.0,89.0,30.6,1553.0,12.0,1.61,1759.9,21.2,1153786.0,43.7,76.6,,-0.74,78.9,63.64,150,99.7,30.4,5.2,8.0,,284.85,2865.0,5809.0,3247.0,2
Czech Republic,26809.0,85.89,14.4,47.0,,0.889,7.67,31.0,,11.7,0.1–0.2,0.1,0.024,2.9,15,8683.0,61.47,24.1,1753.0,9.5,1.83,2427.9,26.0,8358728.0,43.3,73.7,1687.0,0.0,79.1,82.79,,,,,,,,,,,
Lithuania,23844.0,132.67,15.0,72.0,,0.875,7.13,55.0,42.0,79.4,0.1,0.1,0.015,3.3,14,13899.0,74.0,35.1,1249.0,20.2,1.34,1292.0,26.3,2243448.0,44.5,74.2,700.0,-1.04,76.0,81.28,177,99.8,28.3,4.0,14.1,,295.46,1667.0,3479.0,3411.0,6.2
Bahrain,26563.0,58.53,1.9,1.0,,0.875,2.49,,94.0,15.0,73.7,2.5,,6.8,15,,66.0,,1049.0,7.2,1.81,1101.5,29.8,1431090.0,32.9,66.4,188469.0,0.85,75.8,,234,42.3,26.3,2.3,,,,710.0,40.0,,26.8
Portugal,24651.0,150.39,12.3,82.0,,0.866,7.9,33.0,,84.8,0.4,0.6,0.019,3.3,16,9935.0,164.48,31.2,2216.0,7.2,1.38,1133.4,20.8,7622142.0,44.6,65.3,,-0.17,81.6,94.07,122,80.5,32.4,4.9,8.0,,205.04,2821.0,18925.0,3480.0,15.15
Latvia,21267.0,128.69,12.9,57.0,,0.863,7.24,40.0,39.0,70.0,0.1–0.2,0.1,0.028,4.0,14,8799.0,126.0,35.7,1101.0,16.1,1.57,1189.1,23.6,1585471.0,44.4,70.4,,-1.13,75.4,68.73,169,99.9,30.6,4.7,35.3,,174.11,1349.0,2375.0,3229.0,5.6
Slovakia,21390.0,101.28,11.5,55.0,,0.848,6.97,31.0,,68.8,0.1–0.2,0.1,0.016,5.8,14,9914.0,112.0,23.2,1300.0,9.3,1.64,1500.9,20.5,4446926.0,41.8,65.0,43.0,-0.12,78.2,59.35,187,,29.4,3.9,19.5,1.0,143.14,1597.0,9400.0,2871.0,6.8
Greece,20571.0,36.73,10.4,89.0,3.7,0.887,7.39,40.0,71.0,93.0,2–3.7,0.1,0.025,4.1,15,11070.0,322.85,33.1,1603.0,3.6,1.39,2078.6,24.9,7923438.0,45.3,57.7,1497.0,-0.35,81.1,71.7,103,92.5,30.1,4.1,37.1,,255.26,1884.0,9583.0,3382.0,15.4
Poland,17736.0,130.98,11.6,273.0,,0.876,6.85,43.0,75.0,94.3,0.02,0.1,0.028,4.4,13,11192.0,49.3,27.2,979.0,9.3,1.33,1363.1,23.1,34697848.0,41.9,67.8,17151.0,-0.28,78.3,88.71,208,93,27.0,4.6,8.0,,205.39,1364.0,21130.0,3537.0,7.85
Saint Martin,,,,10.0,,,,,,,,,,,,,,,,,2.42,,,,33.3,,,,,,,,,,,,,,,,
Barbados,17225.0,105.71,9.6,32.0,,0.79,,,,74.0,1.5,0.1,0.00062,12.2,,8840.0,100.0,,1193.0,0.3,1.63,277.5,23.1,233604.0,39.5,64.7,1000.0,0.24,76.0,71.38,258,98.5,31.8,4.7,,,110.48,542.0,,2956.0,26
Uruguay,17313.0,53.88,10.8,305.0,,0.809,8.61,,41.0,58.1, 0.1,0.1,0.099,6.2,13,5816.0,50.0,31.1,1697.0,18.8,1.49,899.4,27.9,2910000.0,35.5,68.6,,0.27,77.1,57.7,408,97.1,24.0,4.9,,,210.54,535.0,3231.0,3202.0,17.55
Oman,19509.0,57.53,0.8,11.0,5.2,0.816,3.0,,,6.5,86,0.8,,11.0,9,10263.0,35.0,,639.0,4.5,2.62,271.1,27.0,3717818.0,26.2,61.0,1063251.0,1.8,73.9,43.34,46,41.9,24.8,6.8,,,152.28,562.0,7.0,2940.0,25.6
Hungary,18728.0,193.8,11.4,75.0,,0.846,6.56,32.0,39.0,52.87,0.4–0.6,0.1,0.29,4.0,12,9184.0,160.0,28.3,1080.0,11.8,1.59,2060.3,26.4,7461297.0,43.6,65.0,17873.0,-0.31,76.4,79.73,194,99.1,30.1,4.7,30.7,,159.05,1250.0,9589.0,3316.0,9.75
Seychelles,12085.0,,13.8,5.0,,0.785,,,,94.7,1.1,0.1,,13.9,7,3282.0,180.0,32.1,792.0,7.7,2.46,543.6,14.0,55677.0,36.8,61.4,,0.6,73.3,,360,71.5,25.2,4.4,,,79.23,1119.0,,,27.15
Croatia,16983.0,57.3,8.9,33.0,,0.858,6.5,,70.0,87.4,1.5,0.1,0.010,4.6,14,7075.0,74.0,28.9,1025.0,11.0,1.62,1578.9,24.4,2811056.0,43.9,61.4,10977.0,-0.47,78.6,75.3,102,97.1,28.9,4.6,7.0,,231.02,2010.0,,3074.0,10.9
Guyana,9999.0,45.37,6.3,131.0,,0.714,6.01,,,62.7,7.3,0.1,,28.4,,2015.0,36.0,44.6,299.0,40.9,2.4,359.1,20.2,290375.0,27.5,56.8,275545.0,0.28,65.7,45.22,271,49.9,21.5,6.3,,,141.68,91.0,42.0,2913.0,26
Turks and Caicos Islands,20909.0,,,2.0,,,,,,, 0.1,,,,,,,,,,1.67,,,,34.6,,,1.81,,,,,,,,,,247.0,,,
French Polynesia,19915.0,,,1.0,,,,,,, 0.1,0.1,,,,,,,,,1.7,,,205746.0,33.3,,,0.7,,96.09,189,,,,,,93.56,600.0,,,
Trinidad and Tobago,16033.0,79.89,8.4,448.0,,0.81,7.16,,,57.6,5.8,0.3,,16.6,,4615.0,,39.0,1056.0,8.3,1.63,682.5,18.6,1058744.0,37.8,57.0,58436.0,0.12,76.1,68.66,276,82.8,29.2,3.1,,,103.8,320.0,,2991.0,25.75
Cook Islands,19264.0,,10.6,1.0,,,,,,87.0, 0.1,,,,,,23.0,,567.0,,,,55.9,,38.3,,,-2.31,,,224,,,,,,,521.0,,,
Anguilla,19216.0,,,4.0,,,,,,90.5,0.6,,—,,,,5.0,,,,,,,12043.0,35.7,,,1.77,,,240,88,,,,,,867.0,,,
Antigua and Barbuda,15246.0,,7.0,16.0,,0.788,,,,74.0,0.3,,,6.4,8,6317.0,34.0,,850.0,,1.58,89.2,18.9,77529.0,32.7,,,1.13,76.5,72.05,237,,25.0,2.5,,,123.74,232.0,,2445.0,25.85
Panama,14618.0,125.25,7.9,550.0,,0.805,7.18,,88.0,92.0,0.7,0.2,0.062,14.3,12,3819.0,157.0,49.8,1228.0,2.9,2.33,219.3,22.7,2371852.0,30.1,67.2,,1.51,79.3,65.02,499,80.9,21.6,4.1,,,70.29,182.0,940.0,2851.0,25.4
Romania,14698.0,178.9,12.6,244.0,1.7,0.821,6.4,,84.0,98.0,0.3–1.0,0.1,0.055,6.9,16,8654.0,45.4,34.8,687.0,7.3,1.8,1204.3,22.5,12545558.0,42.5,68.6,61281.0,-1.01,75.6,63.92,122,96.8,28.3,3.1,7.0,,238.33,810.0,14984.0,3581.0,8.8
Saint Kitts and Nevis,18083.0,,9.4,14.0,,0.777,,,,,0.3,,,15.0,,6933.0,20.0,,1103.0,,1.53,,22.9,44669.0,36.5,,,0.59,,82.51,296,,31.3,2.6,,,87.36,2241.0,,2582.0,24.5
Curaçao,14183.0,,,26.0,,,,,,,,,,,,,,,,,1.38,,,,,,,,,,261,,,,,,,,,,
Maldives,10366.0,,2.7,3.0,,0.747,,,,0.08,98.4,0.6,,7.6,15,,23.0,29.3,805.0,2.8,1.69,560.9,8.6,275717.0,29.5,53.2,,-0.17,79.6,20.61,314,92.8,21.6,4.1,,,111.47,238.0,,2235.0,28
Northern Mariana Islands,,,,,,,,,,,0.7,10.6,,,,,,,,,,,,,32.8,,,-0.35,,,273,,,,,,,232.0,,,
Chile,16265.0,246.39,9.3,708.0,1.8,0.855,8.28,36.0,70.0,68.0, 0.1,0.1,0.099,6.8,14,6483.0,65.09,46.0,1457.0,8.0,1.54,769.3,28.0,14864456.0,35.5,75.4,2000.0,0.63,80.7,83.17,264,89.9,32.6,5.4,7.4,,116.11,871.0,7058.0,3029.0,8.45
Costa Rica,12472.0,47.93,4.8,588.0,,0.809,8.16,28.0,79.0,82.0, 0.1,0.1,0.015,7.9,12,6785.0,43.0,49.3,902.0,7.6,1.53,411.4,25.7,3511549.0,32.6,65.3,,0.98,80.8,53.56,301,90.4,25.7,7.4,6.6,,183.28,279.0,2158.0,3029.0,24.8
Montserrat,16199.0,,,0.0,,,,,,,0.1,,,,,,2.0,,,,,,,2833.0,34.8,,,0.46,,,,,,,,,,800.0,,,
Bulgaria,12207.0,78.84,12.7,88.0,,0.795,6.71,,,64.7,13.4,0.1,0.012,6.1,14,5950.0,63.0,40.3,690.0,6.5,1.58,1757.3,25.0,4492326.0,43.7,69.0,1000.0,-0.66,75.1,58.32,93,97.5,29.1,4.1,,,155.71,956.0,12194.0,2854.0,10.55
American Samoa,,,,0.0,,,,,,98.3, 0.1,0.3,,,,,,,,,,,,,27.2,,,-1.74,,,538,92.7,,,,,,282.0,46.0,,
Palau,12084.0,,,2.0,,0.767,,,,77.9, 0.1,0.8,,16.9,10,6240.0,62.1,,1790.0,,,,55.3,,33.9,,,0.39,,,428,84.7,26.6,7.6,,,,1169.0,,,27.6
Mexico,10046.0,48.35,6.5,35700.0,0.6,0.758,6.07,21.0,73.0,88.9,0.01,0.1,0.25,13.7,14,3104.0,52.92,45.4,531.0,5.3,1.82,327.1,28.9,96800000.0,29.3,64.7,1715914.0,0.61,76.0,64.88,175,78.9,30.5,4.9,35.4,,111.87,231.0,18713.0,3157.0,21
Saint Lucia,9824.0,45.66,9.9,70.0,,0.715,,,,, 0.1,,,24.4,,,36.0,51.2,513.0,6.9,1.4,553.9,19.7,90889.0,36.9,68.7,,0.27,74.3,90.9,278,,33.7,3.8,,,80.65,78.0,,2618.0,25.5
Turkey,9661.0,62.52,2.0,2136.0,1.2,0.838,4.48,28.0,82.0,0.2,89-98,0.1,0.090,9.5,12,18190.0,46.21,41.9,388.0,2.3,1.89,1770.7,32.1,69945905.0,32.2,64.6,69012.0,0.64,78.6,38.87,392,88.1,25.0,4.4,8.5,,193.94,635.0,88975.0,3711.0,9.9
World,12230.0,,,,,,,,,,,7.1,100,,,,,,,,2.27,,,,31.0,,,,73.3,,,,,,,,,,,,
Argentina,10761.0,51.51,9.8,2093.0,,0.842,6.95,,66.0,77.0,0.9,0.1,1.1,8.6,16,19981.0,42.91,42.3,1122.0,8.1,1.89,1176.1,28.3,40024673.0,32.4,52.2,582289.0,0.8,76.6,109.39,249,97.9,33.2,5.5,,,195.08,341.0,11514.0,3307.0,14.8
Malaysia,11101.0,103.34,0.9,243.0,,0.803,7.19,,96.0,9.0,63.5,19.8,,8.6,10,4348.0,58.17,41.2,416.0,5.8,1.8,441.2,15.6,25343685.0,29.2,74.0,502082.0,1.01,74.7,52.9,217,47.1,25.0,4.7,,,25.28,1135.0,15354.0,2845.0,25.4
Russia,12259.0,87.01,11.7,9866.0,4.1,0.822,3.31,58.0,34.0,46.6,10–12,0.1,0.96,5.4,14,2646.0,13.67,36.0,609.0,21.6,1.49,2295.0,23.1,129800000.0,40.3,58.9,10278370.0,-0.24,73.2,87.81,,,,,,,,,,,
Kazakhstan,10055.0,56.12,7.7,606.0,,0.811,3.14,,43.0,17.2,70.2,0.2,0.015,10.0,14,1972.0,65.71,27.8,273.0,18.1,3.32,1800.9,21.0,13913699.0,31.6,65.4,1726514.0,0.73,74.0,64.89,184,99.5,25.0,2.8,0.6,,288.12,279.0,1226.0,3067.0,5.5
Turkmenistan,8508.0,,5.4,63.0,,0.745,1.72,,80.0,9.0,93.7,0.1,0.0012,41.8,14,,1.0,40.8,457.0,6.1,2.67,962.1,18.6,1223591.0,29.2,48.4,195109.0,0.95,69.7,60.22,576,97.6,23.3,3.0,,,137.09,2.0,450.0,2830.0,15.1
China,12437.0,172.95,7.2,7157.0,,0.768,2.27,35.8,,,0.45–3,18.2,0.019,7.3,12,2642.0,13.55,38.2,505.0,6.7,1.16,2043.0,6.2,1089140000.0,38.4,58.4,4089997.0,0.18,77.4,60.6,119,73.9,24.9,4.0,19.0,,32.66,527.0,208418.0,3206.0,7.5
Nauru,12390.0,,6.0,,,,,,,, 0.1,1.1,,28.5,,,22.0,,1176.0,,,,61.0,6475.0,27.0,,,0.42,,,140,,21.2,4.9,,,,254.0,,,
Mauritius,8873.0,,3.6,34.0,,0.802,8.14,,,32.2,17.3,0.1,—,16.5,0,2538.0,1368.0,36.8,642.0,8.8,1.41,542.5,10.8,702911.0,36.3,73.0,,0.09,74.1,50.9,197,64.6,25.4,4.8,,,117.27,356.0,80.0,3051.0,22.4
Grenada,8950.0,54.65,9.3,5.0,,0.795,,,,97.3,0.3,,,16.4,,,66.0,,439.0,0.6,2.0,158.2,21.3,63692.0,33.3,,,0.29,72.9,59.4,335,96.2,31.0,3.2,6.4,,86.88,2212.0,,2402.0,26
Montenegro,9252.0,64.44,8.0,15.0,,0.832,5.77,,71.0,78.8,19.1,0.1,—,2.4,14,6387.0,151.0,32.9,727.0,16.2,1.75,1100.8,23.3,505055.0,39.6,60.5,,-0.43,75.9,73.01,153,93.9,28.0,,,,349.21,1006.0,,3500.0,10.55
Serbia,8643.0,77.88,11.1,77.0,,0.802,6.22,,54.0,91.0,2.1,0.1,0.0086,5.6,16,3610.0,56.5,34.5,617.0,7.9,1.48,1898.6,21.5,6182411.0,43.4,63.9,14170.0,-0.63,75.9,53.49,155,96.6,28.6,4.0,28.5,,148.53,1158.0,14901.0,2828.0,10.55
Cuba,11255.0,,6.1,500.0,,0.764,2.84,,,65.0,0.1,0.1,0.0031,5.1,16,44.0,34.0,,973.0,10.2,1.44,233.5,24.6,5638956.0,42.1,27.8,32079.0,-0.19,77.8,55.48,794,99.2,21.3,12.9,,,99.94,187.0,728.0,3344.0,25.2
Dominican Republic,8477.0,,6.9,1172.0,,0.767,6.32,,87.0,83.0, 0.1,0.1,0.00062,33.8,,2613.0,36.0,39.6,328.0,5.1,2.27,218.9,27.6,6997472.0,27.9,61.0,,0.88,72.8,55.25,222,79.8,,4.3,,,73.75,33.0,1866.0,2892.0,24.55
Brazil,7507.0,90.3,7.8,47722.0,1.1,0.754,6.92,16.0,87.0,90.0,0.02–0.7,0.1,0.57,14.7,12,3184.0,71.59,48.9,863.0,6.4,1.64,333.5,22.1,165300000.0,35.2,51.9,3021505.0,0.64,75.9,77.32,389,74.3,30.0,6.2,10.0,,149.28,416.0,46829.0,3301.0,24.95
Saint Vincent and the Grenadines,8440.0,46.51,8.2,32.0,,0.751,,,,,1.7,,,14.1,,2407.0,42.0,,348.0,1.0,1.8,259.6,23.7,72048.0,35.3,65.8,,-0.16,73.2,91.05,347,91,21.2,5.8,,,87.62,280.0,,2968.0,26.8
Dominica,7571.0,37.62,8.2,10.0,,0.72,,,,88.7,0.2,0.1,,35.4,,3081.0,55.0,,485.0,,1.59,147.4,27.9,51467.0,34.9,63.6,,0.02,,55.03,316,,,3.4,,,136.93,292.0,,2952.0,22.35
Gabon,7911.0,,11.5,,,0.706,3.54,,,88.0,10,,,41.7,13,3246.0,35.0,38.0,211.0,13.1,3.49,451.2,15.0,1040000.0,21.0,56.3,,2.39,66.5,59.21,228,60.6,20.4,2.7,,,30.16,85.0,,2633.0,25.05
Armenia,4967.0,,5.5,61.0,,0.759,5.35,,73.0,97.9,0.03,0.1,0.00062,10.9,14,1787.0,102.0,25.2,439.0,2.7,1.57,1985.7,20.2,2043110.0,36.6,67.7,,-0.4,76.0,45.64,72,98.9,27.1,2.3,,,209.03,396.0,396.0,2997.0,7.15
Georgia,4975.0,,9.8,77.0,,0.802,5.31,,81.0,88.1,10.7,,0.0093,9.3,14,93.0,128.0,34.3,332.0,7.7,2.08,1917.7,21.7,3446533.0,38.6,75.9,276.0,0.01,73.3,31.83,265,99.1,28.1,3.8,760.0,,149.26,511.0,581.0,2835.0,5.65
Albania,6396.0,45.25,7.5,66.0,,0.796,6.08,,39.0,17.0,58.8,0.1,,9.8,14,4637.0,66.0,30.8,,,1.39,2491.6,21.7,2105339.0,34.3,66.5,15003.0,0.19,78.0,47.51,174,86.9,27.8,4.0,121.8,1.0,303.72,216.0,390.0,3360.0,11.4
Bosnia and Herzegovina,7143.0,44.85,6.4,32.0,,0.78,4.84,,77.0,45.94,50.7,,0.0031,5.7,14,3949.0,23.0,32.7,528.0,8.3,1.35,1767.2,17.9,2320000.0,43.3,61.9,,-0.23,76.8,36.03,83,86,26.8,,,,174.03,474.0,,3307.0,9.85
Botswana,6805.0,,8.4,273.0,,0.693,7.62,,,71.6,0.4,0.1,0.00062,44.8,8,1933.0,8.0,53.3,420.0,20.2,2.79,433.5,18.9,948977.0,25.7,69.5,,1.37,62.2,24.44,161,40.7,26.4,7.8,,,117.74,332.0,158.0,2342.0,21.5
North Macedonia,6600.0,37.2,,24.0,,0.77,5.89,,76.0,60.4,33.3,0.1,0.00062,5.9,16,2418.0,73.0,30.7,387.0,7.2,1.6,2784.9,22.4,1589659.0,39.0,71.1,,0.11,74.8,36.62,128,82.5,26.9,3.3,,,157.93,540.0,,3072.0,9.8
Peru,6622.0,51.81,6.3,1903.0,,0.762,6.53,,84.0,94.5, 0.1,0.2,0.012,12.8,14,3170.0,44.0,43.8,363.0,2.7,2.19,97.7,19.7,15674241.0,29.1,67.8,40538.0,0.5,79.9,24.41,264,77.7,23.5,3.9,223.0,,62.15,164.0,6885.0,2775.0,19.6
Azerbaijan,5296.0,,0.8,197.0,,0.745,2.68,,50.0,3.1,97.3,0.1,0.044,19.4,14,2435.0,22.0,33.7,165.0,4.0,1.52,1525.6,19.9,7763795.0,32.6,65.4,666869.0,0.63,71.4,34.08,219,98.4,24.0,2.5,725.0,,152.07,174.0,542.0,3149.0,11.95
Belarus,7121.0,68.73,11.2,225.0,,0.808,2.59,,34.0,55.4,0.5–1.0,0.1,0.052,2.9,14,0.0,66.0,24.4,342.0,16.5,1.48,2911.3,24.5,7048231.0,40.9,57.9,31756.0,-0.32,74.8,81.47,345,98.6,26.1,4.8,,,133.73,272.0,8205.0,3270.0,6.15
Thailand,7067.0,206.81,8.3,3307.0,1.2,0.8,6.04,,97.0,1.1,5.4,93.2,0.0012,8.7,7,3733.0,49.09,35.0,276.0,8.0,1.33,837.4,10.0,54043108.0,39.0,68.3,143083.0,0.2,77.7,27.37,377,78.7,21.0,4.1,0.4,,29.35,312.0,6750.0,2804.0,26.3
Belize,6229.0,49.44,6.7,125.0,,0.683,,,,76.7,0.2,0.5,,11.7,7,5850.0,75.0,49.8,287.0,7.7,2.01,168.6,24.1,176400.0,23.9,55.4,1106.0,1.61,74.4,41.09,289,44.8,28.6,7.4,,,80.3,114.0,,2775.0,25.35
Colombia,6104.0,53.73,5.8,14159.0,3.1,0.752,7.04,27.0,83.0,92.0,0.2,0.1,0.013,13.2,14,4516.0,56.03,54.2,517.0,3.7,1.72,351.4,22.3,30548252.0,31.2,67.3,751876.0,0.54,79.3,55.91,196,81.4,22.7,4.5,971.0,,108.47,296.0,17066.0,3114.0,24.5
Jamaica,5184.0,37.95,4.2,1474.0,,0.709,7.13,,,68.9,0.2,0.1,0.0031,13.3,,4461.0,122.0,35.0,334.0,2.3,1.35,312.5,24.7,1409888.0,29.4,68.6,,0.09,76.0,58.97,125,66.6,33.2,5.4,,,91.13,175.0,,2792.0,24.95
Equatorial Guinea,7605.0,,11.3,,,0.596,1.92,,,88.7,10,,,78.5,16,2792.0,12.0,,271.0,13.5,4.27,328.2,8.0,332642.0,20.3,41.0,,3.36,62.2,,63,67.2,20.5,0.6,,,,9.0,,,24.55
Ecuador,5965.0,,4.4,2496.0,,0.74,6.13,,82.0,94.0, 0.1,0.1,0.0037,13.0,12,5850.0,57.0,47.3,497.0,7.7,2.03,93.5,19.9,9521056.0,28.8,46.9,479518.0,1.1,78.4,45.22,167,77.7,21.8,5.0,,,139.6,308.0,4153.0,2606.0,21.85
Moldova,4468.0,114.01,15.2,93.0,,0.767,5.78,,72.0,91.8,0.4,,0.012,14.5,14,2715.0,70.0,26.0,276.0,12.2,1.81,1747.2,18.9,3083783.0,37.7,59.1,,-1.14,73.3,38.12,236,95.8,26.0,6.7,,,155.18,211.0,4559.0,2383.0,9.45
South Africa,7055.0,43.91,9.3,24865.0,,0.713,7.05,14.0,85.0,85.3,1.9,0.2,0.32,32.2,12,3671.0,65.81,63.0,569.0,23.5,2.37,509.6,28.3,31858027.0,28.0,58.3,950.0,0.91,65.3,60.03,250,72.1,33.0,6.2,36.0,,55.75,472.0,5418.0,2899.0,17.75
Marshall Islands,6111.0,,,2.0,,0.639,,,,, 0.1,,,30.7,,4160.0,52.0,,737.0,,2.73,,52.9,20560.0,23.8,,,1.3,,,66,89.4,24.2,15.8,,,,128.0,,,27.4
Fiji,4647.0,,3.0,20.0,,0.73,5.72,,,64.4,6.3,0.1,,27.4,10,3232.0,18.0,30.7,216.0,9.5,2.48,491.1,30.2,452479.0,29.9,62.2,,0.42,68.0,43.85,256,,24.1,3.9,,,40.2,522.0,401.0,2781.0,24.4
Kosovo,5663.0,54.39,,33.0,,,,,90.0,,95.6,,,,14,2413.0,37.0,29.0,,,1.52,,,,30.5,67.0,,0.62,,,,,,,,,,,,,
Iraq,4686.0,,0.4,3339.0,,0.686,3.62,,84.0,1.2,95-98,0.1,,25.2,9,2069.0,44.0,29.5,227.0,4.7,3.5,1184.4,30.4,18892351.0,21.2,,,1.94,72.4,,179,20.4,25.3,3.5,304.0,,22.18,454.0,,2608.0,21.4
Libya,5791.0,,0.0,,,0.718,1.95,,,2.7,97,0.3,,11.1,14,1169.0,9.0,,,4.5,2.46,327.2,32.5,1387116.0,25.8,,,1.54,75.8,,176,24.2,29.2,2.3,405.0,,75.0,97.0,26.0,,21.8
Paraguay,6035.0,56.89,7.2,525.0,,0.717,6.18,,92.0,96.0, 0.1,0.1,0.0068,18.9,14,4055.0,54.0,43.5,421.0,6.2,2.47,384.5,20.3,4160340.0,29.7,61.8,,1.12,75.8,54.07,234,77.8,22.7,3.4,,,75.72,55.0,1007.0,2768.0,23.55
Tuvalu,5370.0,,1.7,0.0,,0.641,,,,,0.1,0.1,,22.0,,,37.0,,801.0,,3.16,,51.6,5520.0,26.6,,,0.81,,,110,,22.1,3.7,,,,187.0,,,27.65
Suriname,5259.0,,5.1,35.0,,0.73,6.82,,,50.0,14.3,0.6,0.0012,17.6,,,30.0,57.9,450.0,25.9,2.35,511.7,26.4,275785.0,31.0,48.1,14000.0,1.11,71.5,42.4,185,76,29.3,,,,48.97,100.0,47.0,2698.0,25.7
El Salvador,4551.0,,3.7,1147.0,,0.675,5.9,,83.0,81.9,0.28,0.1,0.00062,12.9,12,3650.0,56.0,38.8,345.0,6.1,1.8,206.7,24.6,1993079.0,27.7,61.8,,0.46,75.0,30.52,1 086,65.7,22.5,3.8,,,124.34,16.0,661.0,2696.0,24.45
Tonga,4451.0,,1.5,1.0,,0.745,,,,81.0, 0.1,0.1,,11.4,,,54.0,,219.0,4.4,3.24,986.9,48.2,44558.0,24.1,57.7,,-0.3,72.6,,166,98.9,23.6,3.9,,,,301.0,,,25.25
Guatemala,4883.0,,2.4,3520.0,,0.627,4.97,,88.0,87.0, 0.1,0.1,0.0056,23.6,,3924.0,28.0,48.3,266.0,6.2,2.4,111.8,21.2,11750000.0,23.2,62.6,6188.0,1.54,72.0,36.39,127,50.7,21.3,2.8,315.0,,46.6,24.0,1042.0,2551.0,23.45
Mongolia,4510.0,43.67,7.4,206.0,,0.739,6.48,,,1.3,5,55.1,,15.4,14,2316.0,245.0,32.7,158.0,18.0,2.84,1982.5,20.6,729236.0,29.8,55.4,15888.0,0.83,68.1,88.38,183,94.6,26.0,4.1,,,139.82,194.0,285.0,2579.0,1.7
Ukraine,4596.0,67.52,8.6,1673.0,34.0,0.773,5.81,,46.0,81.9,0.9–1.2,0.1,0.28,8.1,14,2946.0,81.0,25.6,221.0,17.7,1.16,1849.4,24.1,28570000.0,41.2,52.3,6672.0,-0.52,73.0,46.92,123,100,25.9,5.4,168.0,,145.03,434.0,24416.0,3102.0,8.3
Indonesia,4333.0,,0.8,1419.0,0.7,0.705,6.3,11.0,99.0,10.49,86.7,0.8,0.00062,23.0,12,2449.0,29.1,37.9,112.0,2.6,2.17,1675.5,6.9,215626156.0,31.1,65.8,610532.0,0.76,71.3,11.7,99,70.1,20.0,3.6,136.0,,14.82,181.0,135081.0,2884.0,25.85
Algeria,3700.0,,0.9,695.0,4.8,0.745,3.77,,95.0,0.01,99,0.1,,23.7,13,1777.0,2.0,27.6,258.0,2.2,2.89,1046.7,27.4,26350000.0,28.9,46.2,,1.27,77.1,18.06,217,19.5,28.2,4.3,,,141.53,176.0,3955.0,3322.0,22.5
Jordan,4058.0,67.35,0.7,114.0,,0.72,3.62,,,6.0,97.2,0.4,,15.0,12,5408.0,83.0,35.4,322.0,2.0,2.83,2306.1,35.5,6480202.0,23.5,66.5,20.0,0.79,77.9,37.91,185,87.7,26.6,3.6,0.0,,77.68,587.0,511.0,2732.0,18.3
Namibia,4836.0,,9.8,315.0,,0.615,6.52,,,90.0,0.4,0.1,0.00062,40.2,7,,64.0,59.1,473.0,13.5,3.3,298.4,17.2,933450.0,21.8,58.7,,1.8,64.6,30.53,318,56.7,29.2,8.4,,,73.05,205.0,106.0,2469.0,19.95
Samoa,3919.0,,2.5,13.0,,0.707,,,,, 0.1,,,17.0,,1625.0,51.0,,198.0,14.6,3.93,1470.6,47.3,66023.0,25.6,62.2,,0.65,70.5,96.68,179,96.3,24.1,4.1,,,52.55,350.0,,3030.0,26.7
Cape Verde,3293.0,,5.7,36.0,,0.662,7.65,,,89.1,2,,,14.2,16,1673.0,99.0,42.4,179.0,15.2,1.9,397.1,11.8,,26.8,,,1.19,,32.18,,,,,,,,,,,
Micronesia,3573.0,,2.5,1.0,,0.628,,,,, 0.1,,,24.7,,,29.0,40.1,422.0,29.0,2.71,,,37257.0,,51.9,,-0.7,,,,,,,,,,,,,
Vietnam,3756.0,66.38,8.3,1358.0,,0.703,2.94,,30.0,7.1,0.1,16.4,,20.9,14,1591.0,39.1,35.7,164.0,7.2,1.94,1049.6,2.1,68172134.0,31.9,55.3,179249.0,0.93,,63.34,130,76.9,22.8,4.3,16.6,,16.36,177.0,24589.0,3025.0,24.45
Iran,6766.0,,1.0,1936.0,2.6,0.774,2.2,,,0.95,99.4,0.1,0.059,12.9,12,20881.0,2.0,40.9,463.0,5.1,1.69,936.5,25.8,78086663.0,31.7,51.1,,0.93,77.3,35.98,,,,,,,,,,,
Tunisia,3807.0,,1.9,562.0,,0.731,6.59,,93.0,,97.8,0.1,0.0062,16.6,13,2000.0,97.0,35.8,212.0,3.2,2.09,1580.0,26.9,6400330.0,32.7,55.4,33320.0,0.63,77.0,28.36,196,39.8,28.7,6.6,,,114.47,710.0,720.0,3450.0,19.2
Eswatini,3969.0,,,151.0,,0.597,3.08,,,82.7,2,,,46.6,,694.0,14.0,54.6,291.0,40.5,2.84,,16.5,414278.0,23.7,54.7,,0.72,57.7,,243,45.2,26.5,7.1,,,56.6,125.0,,2426.0,21.4
Morocco,3853.0,,0.6,716.0,,0.683,5.04,,97.0,1.0,99,0.1,0.013,18.7,12,3997.0,46.0,39.5,175.0,7.3,2.33,682.3,26.1,22072765.0,29.1,62.9,25.0,0.88,73.0,35.12,260,34.1[8],25.7,5.4,,,54.68,259.0,3677.0,3412.0,17.1
Philippines,3461.0,49.31,6.6,4764.0,,0.699,6.56,,96.0,85.3,5–11,2.0,0.00062,26.4,15,3009.0,58.9,41.2,126.0,2.5,2.75,1132.2,6.4,73003313.0,24.1,63.8,925.0,1.58,70.4,37.04,162,90.1,25.3,3.2,424.0,,15.66,51.0,1507.0,2662.0,25.55
Bolivia,3345.0,,4.8,422.0,,0.692,5.08,,89.0,89.0, 0.1,0.1,0.0031,25.4,14,4444.0,33.0,43.6,229.0,6.8,2.62,291.6,20.2,4843916.0,25.3,42.3,28460.0,1.06,72.1,71.4,175,67.5,24.1,7.3,,,46.04,38.0,1578.0,2412.0,21.55
Palestine,3514.0,,,45.0,,0.715,3.83,,,,97.5,0.1,,,,6985.0,35.0,,,,3.5,,,3208312.0,18.0,,,,,,,,,,,,,,,,
Egypt,3898.0,39.66,0.4,1360.0,,0.731,2.93,,97.0,10.0,90–94.7,0.1,0.00062,19.5,12,,42.72,31.5,120.0,3.4,2.92,1449.4,32.0,75660000.0,24.1,52.5,567652.0,1.59,71.8,26.29,116,43.2,25.0,3.8,1200.0,,59.46,298.0,23000.0,3292.0,22.1
Djibouti,3348.0,,0.5,,,0.509,2.71,,96.0,6.0,97,,,55.9,13,,71.0,41.6,64.0,11.9,2.8,785.5,13.5,532849.0,24.9,47.1,,1.93,65.8,15.04,71,,26.9,8.4,,,59.81,36.0,,2694.0,28
Bhutan,3063.0,,0.6,19.0,,0.666,5.71,,,1.0,0.2,74.7,,27.6,10,609.0,108.0,37.4,102.0,5.1,1.41,,6.4,388541.0,29.1,62.9,,0.96,73.1,,145,14.9,22.8,6.6,0.0,,,265.0,,,7.4
Vanuatu,3073.0,,1.0,1.0,,0.607,,,,, 0.1,0.1,,24.9,10,3240.0,27.0,,102.0,21.0,3.73,1069.2,25.2,71050.0,23.0,56.4,,1.59,65.3,36.03,65,44.2,20.8,4.7,,,25.21,173.0,,2607.0,23.95
Venezuela,3965.0,,5.6,5444.0,,0.691,2.76,,79.0,88.0,0.4,0.1,0.037,24.2,,10.32,23.0,44.8,165.0,2.1,2.21,396.2,25.6,20564451.0,30.0,25.9,,2.4,73.9,40.94,199,88.1,22.7,3.6,,,117.79,49.0,2275.0,2120.0,25.35
Sri Lanka,3918.0,,4.3,742.0,,0.782,6.14,,99.0,7.4,9.7,69.3,,6.9,12,603.0,68.0,39.3,159.0,12.9,1.99,254.6,5.2,7121116.0,33.7,56.4,,0.59,76.9,9.04,128,81,23.4,2.8,,,34.98,128.0,4115.0,2737.0,26.95
Lebanon,6785.0,,1.5,128.0,,0.706,4.16,,87.0,39.5,67.8,0.2,,7.0,7,5373.0,220.0,31.8,745.0,2.8,2.09,2037.5,32.0,4755187.0,33.7,51.1,,0.64,76.4,23.97,143,60.2,28.8,2.5,,,114.52,628.0,2000.0,2857.0,15
Honduras,2772.0,,4.0,3931.0,,0.621,5.36,,,88.0,0.3,0.1,,16.2,,2420.0,38.0,48.2,178.0,2.6,2.36,469.8,21.4,2977793.0,24.4,60.2,,1.16,71.9,33.09,191,66.3,21.2,6.0,1235.0,,91.33,37.0,102.0,2673.0,23.5
São Tomé and Príncipe,2486.0,,6.8,6.0,,,,,,,3,,,16.1,16,,,40.7,115.0,2.2,3.82,,12.4,61155.0,,54.0,,1.45,,,,,,,,,,,,,
Congo,2200.0,,7.8,,,,,,,,2,,,44.6,,,,48.9,48.0,11.6,4.17,195.2,,455055.0,,,,2.33,,,27,73.1,21.0,4.6,,,10.69,68.0,,2285.0,24.55
Ivory Coast,2539.0,49.33,8.4,,,0.55,4.11,,,,42.9,,,77.9,,,24.0,37.2,71.0,15.7,4.42,352.7,10.3,,,,,2.16,,,,,,,,,,,,,
Bangladesh,2450.0,36.02,0.0,3830.0,,0.661,5.99,,99.0,0.3,91.0,0.5,,29.1,9,212.0,22.0,49.9,45.0,3.9,1.98,744.1,3.6,126210000.0,27.9,55.6,3000.0,0.91,74.3,4.04,46,39.4,25.0,2.0,307.0,,21.91,48.0,,2563.0,25
India,2274.0,54.17,5.7,41330.0,2.4,0.633,6.61,,90.0,2.3,14.6,0.8,0.030,32.6,7,674.0,16.83,35.7,58.0,12.9,2.03,89.3,3.9,881250000.0,28.7,55.2,607890.0,0.7,70.8,3.78,40,45.4,25.3,2.9,12.6,,84.5,138.0,90000.0,2533.0,23.65
Nicaragua,2046.0,,5.2,754.0,,0.667,3.6,,84.0,84.6, 0.1,0.1,0.0015,16.0,13,1506.0,83.0,46.2,168.0,4.7,2.32,327.8,23.7,1732218.0,27.3,57.7,,0.91,75.0,30.82,332,49.2,20.6,4.3,,,85.16,21.0,27.0,2582.0,24.9
Papua New Guinea,2673.0,,1.2,713.0,,0.558,6.1,,,97.0, 0.1,0.1,,43.9,7,2086.0,111.0,41.9,59.0,3.6,3.21,1689.3,21.3,924955.0,24.0,58.4,35917.0,2.31,65.3,,58,33,21.4,,,,,25.0,122.0,,25.25
Angola,2258.0,,6.4,1196.0,,0.586,3.66,,,75.0,0.3,0.1,,71.5,14,663.0,41.0,51.3,84.0,,5.3,340.2,8.2,4271053.0,15.9,50.6,,3.34,63.1,23.49,79,27,21.4,3.5,,,12.3,5.0,22.0,2385.0,21.55
Uzbekistan,2032.0,39.2,2.7,479.0,,0.727,2.12,,51.0,2.6,88.7,0.1,0.018,13.9,13,1041.0,24.0,36.7,82.0,8.3,3.17,495.9,16.6,16692456.0,30.1,53.3,34379.0,0.81,73.0,34.41,85,99.8,22.7,6.3,,,130.81,99.0,1003.0,3011.0,12.05
Mauritania,2166.0,,0.0,46.0,,0.556,3.92,,98.0,0.14,99.9,,,70.7,7,982.0,76.0,32.6,59.0,5.5,4.4,30.3,12.7,919398.0,21.0,55.7,,1.96,68.4,31.06,57,26.6,19.0,2.6,,,160.82,20.0,,2877.0,27.65
Ghana,2409.0,51.93,2.7,603.0,,0.632,6.5,,95.0,71.3,19.9,0.1,,44.7,12,433.0,30.0,43.5,74.0,10.5,3.56,40.5,10.9,15065541.0,21.4,57.5,179890.0,2.19,66.3,13.73,47,34.9,21.7,3.6,32.9,,9.08,136.0,28.0,3035.0,27.2
Solomon Islands,2306.0,,1.4,19.0,,0.564,,,,, 0.1,0.3,,19.4,8,933.0,40.0,,92.0,17.4,3.98,1419.1,22.5,72872.0,23.5,54.6,,1.69,65.2,11.74,79,,20.3,7.3,,,11.52,85.0,,2415.0,25.65
Kenya,2082.0,,3.4,2796.0,,0.575,5.05,,94.0,85.5,11.2,0.1,0.0019,41.9,8,702.0,26.0,40.8,76.0,11.0,3.33,264.4,7.1,8861485.0,20.0,55.1,,2.09,66.1,15.94,107,54,20.2,5.2,73.3,,94.86,86.0,300.0,2197.0,24.75
Haiti,1664.0,,5.8,1489.0,,0.535,4.22,,,96.0, 0.1,0.1,,60.5,,1014.0,24.0,41.1,62.0,11.2,2.81,143.0,22.7,1353986.0,24.1,52.7,,1.18,64.1,17.61,98,8.5,23.7,2.5,34.0,,18.98,11.0,,2121.0,24.9
Zimbabwe,1508.0,,4.8,982.0,,0.593,3.16,,88.0,87.0,0.7,0.1,0.0012,53.9,7,,77.0,50.3,115.0,23.6,3.49,122.9,15.5,4472992.0,20.5,40.4,,1.95,60.7,17.67,121,81.1,19.9,6.1,848.0,,31.9,71.0,232.0,1908.0,21
Kiribati,1765.0,,0.4,8.0,,0.624,,,,, 0.1,,,49.6,,2033.0,8.0,,192.0,30.6,3.3,1396.0,46.0,16971.0,25.7,47.3,,1.02,59.4,29.96,113,,20.1,12.0,,,10.93,141.0,,3078.0,28.2
Cambodia,1608.0,,6.7,268.0,,0.593,3.1,,96.0,1.0,2,97.9,,25.7,14,,57.0,36.0,94.0,5.5,2.34,726.2,3.9,5441827.0,26.4,57.8,,1.04,70.1,12.34,219,53.1,21.0,1.9,,,3.47,34.0,,2492.0,26.8
Laos,2569.0,43.98,10.4,,,0.607,1.77,,,2.2, 0.1,66.1,,44.1,15,1732.0,53.0,38.8,57.0,6.0,2.5,814.6,5.3,1749517.0,24.0,57.4,,1.3,68.5,30.41,,,,,,,,,,,
Kyrgyzstan,1339.0,48.12,6.2,,,0.692,4.21,,72.0,11.4,80–90,0.1,0.0025,17.5,14,162.0,112.0,29.0,67.0,8.3,2.89,519.6,16.6,2309235.0,27.3,,658.0,0.82,74.2,30.46,117,92.5,23.6,6.1,,,210.92,76.0,1455.0,2729.0,2.1
Nigeria,2019.0,,13.4,44200.0,,0.535,4.1,,96.0,45.9,47-49,0.1,0.00062,113.8,7,901.0,2.0,35.1,66.0,6.9,5.24,162.5,8.9,136203231.0,18.6,57.3,,2.53,62.6,7.15,35,21.6,21.2,5.94,1658.0,,7.91,63.0,1314.0,2572.0,27
Cameroon,1668.0,,8.9,1202.0,,0.576,2.77,,96.0,73.0,30,0.1,,72.2,10,785.0,24.0,46.6,58.0,15.9,4.46,171.0,11.4,5580465.0,18.5,52.4,59743.0,2.73,62.4,11.98,116,26.1,19.0,3.1,389.0,,15.27,86.0,,2733.0,24.6
Senegal,1637.0,35.32,0.7,39.0,,0.511,5.67,,96.0,4.2,97.2,0.3,,38.1,13,686.0,42.0,38.1,66.0,11.0,4.39,359.4,8.8,4698108.0,19.4,56.3,,2.52,68.6,14.13,67,21.5,22.2,4.8,,,16.86,54.0,,2545.0,27.85
Guinea,1185.0,,1.3,,,0.465,3.08,,,8.9,89.1,0.1,,95.6,10,,20.0,29.6,35.0,12.3,4.4,316.0,7.7,1449758.0,19.1,55.7,,2.75,61.0,13.05,34,13.1,19.8,2.2,,,20.62,11.0,,2746.0,25.7
Timor-Leste,1517.0,,,,,,,,,99.6,,,,,16,1380.0,12.0,,,,,,3.8,,,44.2,,,69.6,31.51,55,11.2,20.6,3.8,,,10.96,31.0,,2287.0,25.25
Zambia,1095.0,,4.8,853.0,,0.565,4.86,,95.0,95.5,1,0.1,,61.4,8,596.0,45.0,57.1,75.0,14.4,4.31,145.4,8.1,4760715.0,16.9,53.6,,2.86,62.5,13.12,118,52.3,18.7,1.3,,,9.71,44.0,,2002.0,21.4
Ethiopia,825.0,,2.8,8153.0,,0.498,3.38,,,75.0,31.3,0.1,0.00062,48.7,9,,32.0,35.0,24.0,9.5,4.16,115.3,4.5,19543075.0,19.8,53.6,,2.42,68.7,5.4,99,13.6,21.3,4.7,234.0,,44.14,52.0,240.0,2338.0,22.2
Pakistan,1480.0,,0.3,9207.0,2.6,0.544,4.31,,92.0,1.6,96.5,0.1,,65.2,7,1289.0,43.0,29.6,41.0,9.8,3.47,363.2,8.6,130000000.0,22.0,55.0,83000.0,1.91,65.6,16.87,38,27.1,23.2,2.9,943.0,,183.13,127.0,3811.0,2486.0,20.2
Benin,1361.0,,3.0,,,0.525,4.58,,,48.5,27.7,0.1,,85.9,13,865.0,26.0,37.8,30.0,12.7,4.97,204.0,9.6,1578008.0,17.0,55.3,,3.31,63.4,20.24,111,7,18.7,4.0,,,8.4,50.0,84.0,2755.0,27.55
Myanmar,1089.0,,4.8,15299.0,,0.585,3.04,,,6.2,4.3,89.9,,43.7,7,691.0,17.0,30.7,60.0,3.0,2.15,226.5,5.8,23650000.0,29.2,53.6,7400.0,0.75,69.1,58.25,183,58.2,20.5,2.2,,,31.48,18.0,3660.0,2673.0,13.05
Comoros,1631.0,,0.9,,,0.558,3.09,,97.0,2.1,98.3,,,61.3,14,1587.0,21.0,45.3,74.0,8.5,3.98,585.4,7.8,69020.0,20.9,55.4,,1.34,67.4,,43,12.8,20.4,2.5,,,11.15,24.0,,,25.3
Nepal,1159.0,,2.0,659.0,,0.602,5.22,,93.0,1.4,4.2,10.3,,28.2,10,1524.0,16.0,32.8,50.0,9.8,2.03,511.6,4.1,16190000.0,25.3,53.8,,0.74,70.9,13.55,83,20.8,20.1,5.2,,,52.1,84.0,,2769.0,8.1
Tanzania,1136.0,,9.4,2286.0,,0.549,5.1,,89.0,61.4,35.2,0.1,,48.9,7,209.0,34.0,40.5,41.0,8.2,4.73,181.8,8.4,33090000.0,18.2,60.2,,2.75,67.3,,50,43.5,18.9,3.4,,,40.29,37.0,172.0,2373.0,22.35
Zanzibar,1211.0,,,,,,,,,,,,,,,,,,,,,,,,,,,,,,,,,,,,,,,,
Tajikistan,897.0,,3.3,87.0,,0.685,1.94,,85.0,1.4,97.9,0.1,—,32.3,14,265.0,38.0,34.0,60.0,5.3,3.19,361.1,14.2,1959127.0,25.3,55.6,316.0,1.36,69.5,16.47,141,98.1,22.1,5.2,,,54.54,34.0,132.0,2109.0,6.4
Uganda,930.0,,9.5,3912.0,,0.525,4.94,,93.0,84.5,14,0.1,—,43.3,12,426.0,24.0,42.7,33.0,10.4,4.58,195.7,5.3,10162807.0,15.7,59.7,,3.22,66.7,9.69,151,36.1,18.2,2.6,143.0,,37.27,53.0,288.0,1981.0,22.8
Lesotho,1040.0,,5.0,752.0,,0.514,6.3,,,90.0,0.1,0.1,,89.5,10,956.0,53.0,44.9,122.0,87.5,3.02,448.0,16.6,665312.0,24.7,53.1,,0.76,50.7,19.89,104,51.4,20.9,6.5,,,25.35,46.0,,2323.0,11.85
Rwanda,822.0,,9.0,472.0,,0.534,3.1,,95.0,93.6,4.8,,,40.5,14,,29.0,43.7,52.0,9.5,3.82,94.0,5.8,2657770.0,19.7,71.1,,1.68,69.1,9.08,621,24.3,20.6,3.1,,,7.23,55.0,,2188.0,17.85
Guinea-Bissau,759.0,,4.8,21.0,,0.483,2.63,,,10.0,46.1,,,76.8,,412.0,94.0,34.8,60.0,12.4,4.0,25.3,9.5,73148.0,18.0,54.0,,2.54,60.2,17.29,31,19.5,20.9,2.1,,,19.88,35.0,,2229.0,26.75
Togo,944.0,,3.1,,,0.539,2.8,,,29.0,20,0.1,,64.4,14,757.0,26.0,42.4,53.0,14.8,4.26,147.3,8.4,963795.0,20.0,50.3,,2.45,64.3,12.58,59,20.4,22.3,5.0,211.0,,7.96,28.0,,2443.0,27.15
Syria,925.0,,0.3,463.0,,0.577,1.43,,89.0,10.0,86,,0.00062,22.4,10,96.0,24.0,55.8,,2.1,2.75,2291.7,27.8,6257430.0,23.5,,85742.0,6.39,72.7,,,,,,,,,,,,
Mali,875.0,,1.3,,,0.428,3.93,,95.0,2.4,95,0.1,,94.0,13,616.0,26.0,36.1,32.0,8.0,5.96,316.9,8.6,2358540.0,16.1,58.1,,2.93,62.8,23.68,40,13.6,18.8,3.1,164.0,,98.68,16.0,14.0,2873.0,28.25
Gambia,772.0,,3.8,,,0.5,4.49,,,4.2,96.4,,,49.4,12,,61.0,35.9,23.0,9.6,4.68,249.1,10.3,416753.0,,,,2.23,65.5,,22,10.4,21.5,2.1,,,45.71,92.0,14.0,2533.0,27.5
Burkina Faso,893.0,,8.2,,,0.449,3.73,,,26.3,63.8,0.1,,85.0,13,750.0,26.0,38.9,39.0,14.4,4.77,408.1,5.6,3047909.0,17.9,59.4,,2.46,62.7,12.0,38,8.4,17.9,4.2,335.0,,29.79,30.0,12.0,2737.0,28.29
Liberia,471.0,,5.8,135.0,,0.481,5.32,,,85.5,20,0.1,,78.3,7,4.0,51.0,35.3,66.0,7.4,4.09,154.4,9.9,377607.0,18.0,49.7,,2.71,64.1,18.27,55,32.8,18.9,2.3,,,3.04,15.0,,2168.0,25.3
Somalia,447.0,,0.0,,,,,,,0.01,99.8,,,114.6,14,,52.0,36.8,,14.7,6.31,198.5,8.3,294851.0,18.5,,,2.49,56.5,,,,20.6,,1867.0,,,6.0,,,27.05
Chad,955.0,,1.5,,,0.394,1.55,,95.0,35.0,58,0.1,,110.0,13,1298.0,18.0,37.5,32.0,13.2,6.25,279.3,6.1,968500.0,16.1,49.9,81329.0,3.05,59.6,26.48,59,7,18.8,2.9,209.0,,20.63,4.0,,2115.0,26.55
DR Congo,551.0,,2.6,,,,,,,,10,,0.00062,81.2,14,,,42.1,18.0,12.4,6.16,128.0,,,,,,3.13,,,,,,,,,,,,,
North Korea,654.0,,3.9,,,,1.08,,,,0.1,1.5,,16.5,14,,18.0,,,8.2,1.81,993.3,6.8,,34.6,5.9,,0.44,72.6,13.67,,100,25.5,,,,3.79,9.0,,2019.0,5.7
Mozambique,492.0,,2.4,849.0,,0.446,3.51,,,56.1,18.9,0.1,,70.6,16,550.0,72.0,54.0,41.0,23.2,4.64,501.9,7.2,6162217.0,17.0,48.6,,2.55,58.1,9.39,62,26,18.7,6.5,246.0,,4.79,20.0,,2103.0,23.8
Niger,591.0,,0.5,788.0,,0.4,3.29,,99.0,0.5,98.3,,,77.5,13,650.0,36.0,37.3,30.0,10.1,6.82,118.8,5.5,2194985.0,14.8,51.6,8000.0,3.66,63.3,12.75,39,13.7,17.2,3.5,,,58.92,8.0,,2601.0,27.15
Eritrea,623.0,,1.3,474.0,,0.492,2.15,,,67.0,36–51.6,,,39.3,12,,15.0,,24.0,17.3,3.87,132.3,5.0,66402.0,20.3,38.9,,1.08,64.1,,,20.9,20.6,2.1,,,11.57,20.0,970.0,,25.5
Yemen,302.0,,0.1,1703.0,,0.455,1.95,,99.0,0.01,97.2,0.1,,59.6,7,,21.0,36.7,,7.1,3.79,423.8,17.1,7548512.0,19.8,,48565.0,1.83,66.6,16.86,35,13.7,23.0,5.2,1294.0,,43.97,35.0,,2154.0,23.85
Malawi,613.0,,3.7,279.0,,0.512,5.74,,99.0,77.3,20,0.1,,38.6,7,266.0,39.0,38.5,37.0,10.6,3.92,241.1,5.8,2566126.0,16.8,51.4,,2.28,65.6,20.34,76,35.1,17.9,4.0,,,7.98,50.0,117.0,2392.0,21.9
Central African Republic,461.0,,3.3,,,0.404,1.32,,,80.0,15,,,103.0,14,821.0,39.0,56.2,49.0,23.0,5.98,213.2,7.5,202204.0,20.0,49.1,,1.77,53.1,35.9,40,35.7,17.3,1.2,1421.0,,13.53,12.0,,1786.0,24.9
Sudan,786.0,,0.5,,,0.508,2.54,,93.0,1.5,96,0.1,,56.6,12,13.0,121.0,34.2,36.0,4.8,4.46,339.9,6.6,12512639.0,18.3,47.7,64880.0,2.55,69.1,21.39,52,24.3,22.0,2.2,623.0,,155.2,27.0,,2578.0,26.9
Madagascar,500.0,41.4,1.9,,,0.501,5.7,,,85.0,10,0.1,0.00062,50.2,13,376.0,41.0,42.6,22.0,9.2,3.85,404.2,5.3,2505948.0,20.3,56.6,,2.22,65.3,12.34,98,49.4,18.4,2.8,,,24.84,15.0,119.0,1938.0,22.65
South Sudan,400.0,,,1504.0,,0.385,,,,60.5,20,,,97.9,12,,62.7,44.1,28.0,6.7,4.47,383.7,6.6,1003542.0,18.6,,155110.0,4.78,62.8,,58,11,18.4,1.5,1378.0,,,3.0,,,
Sierra Leone,505.0,,5.7,176.0,,0.477,4.86,,,10.0,78.6,0.3,,107.8,14,575.0,36.0,35.7,43.0,11.3,3.98,468.6,8.7,1000575.0,19.1,47.5,,2.41,60.8,8.23,57,3.7,23.1,4.6,,,7.0,25.0,,2369.0,26.05
Afghanistan,373.0,,0.2,1613.0,,0.478,2.85,,97.0,0.02,99.7,0.1,,58.0,12,858.0,7.0,,71.0,,4.64,311.6,5.5,4068194.0,19.5,51.5,,2.26,63.2,,36,20.3,15.5,4.1,1180.0,,62.23,9.0,2795.0,2040.0,12.6
Burundi,311.0,,7.5,635.0,,0.426,2.14,,98.0,75.0,10,,,54.4,15,,26.0,38.6,20.0,12.1,5.08,239.4,5.4,607311.0,17.7,48.9,,3.56,63.8,,85,24.9,20.3,4.8,,,4.6,9.0,,,19.8
Estoniaa,,,11.6,,,,,,,,,,,,,,,,,,,,,,,,,,,,,,,,,,,,,,
Eswatinib,,,9.9,,,,,,,,,,,,,,,,,,,,,,,,,,,,,,,,,,,,,,
Macedonia,,,8.1,,,,,,,,,,,,,,,,,,,,,,,,,,,,,,,,,,,,,,
Netherlands Antilles,,,,,,,,,,,0.2,,0.0025,,,,,,,,,,,,,,,,,,,,,,,,103.22,,,,
Niue,,,7.0,,,,,,,, 0.1,,,,,,0.0,,1325.0,,,,50.0,1034.0,,,,-0.03,,,,,,,,,,,,,
East Timor,,,2.1,49.0,,0.607,7.06,,,,0.1,,,42.3,,,,28.7,79.0,4.5,3.15,,,356356.0,19.6,,14000.0,2.1,,,,,,,,,,,,,
French Guiana,,,,39.0,,,,,,,0.9,0.1,,,,,,,,,,,,,,,,,,,280,69.7,,,,,,442.0,,,
Gibraltar,,,,1.0,,,,,,,4,,0.0049,,,,,,,,1.85,,,32494.0,35.5,,,0.19,,,273,,,,,,,353.0,,,
Guadeloupe,,,,23.0,,,,,,,0.4,,,,,,,,,,,,,,,,,,,,190,82.9,,,,,,187.0,,,
Holy See,,,,0.0,,,,,,,,,,,,,,,,,,,,,,,,,,,,,,,0.0,1.0,,6061.0,228.0,,
Iraq. Central Iraq,,,,5459.0,,,,,,,,,,,,,,,,,,,,,,,,,,,,,,,,,,,,,
,,,,111.0,,,,,,,,,,,,,,,,,,,,,21.9,,,,,,,,,,,,,,,,
Martinique,,,,11.0,,,,,,,0.2,0.1,,,,,,,,,,,,,,,,,,,254,88.1,,,,,,155.0,,,
Mayotte,,,,12.0,,,,,,,97,,,,,,,,,,,,,,,,,,,,205,,,,,,,43.0,,,
Northern Ireland,,,,21.0,,,,,,,,,,,,,,,,,,,,,,,,,,,,,,,,,,,,,
Réunion,,,,15.0,,,,,,,4.2,0.2,,,,,,,,,,,,,,,,,,,137,42,,,,,,66.0,69.0,,
Saint Helena,,,,0.0,,,,,,, 0.1,,,,,,,,,,,,,,,,,,,,,,,,,,,,,,
Saint Pierre and Miquelon,,,,1.0,,,,,,,0.2,,,,,,,,,,,,,,48.5,,,-1.19,,,,98.5,,,,,,167.0,,,
Scotland,,,,58.0,,,,,,,,,,,,,,,,,,,,,,,,,,,,,,,,,,,,,
United Kingdom . England and Wales,,,,696.0,,,,,,,,,,,,,,,,,,,,,,,,,,,,,,,,,,,,,
United Kingdom . Great Britain and Northern Ireland,,,,673.0,,,,,,,,,,,,,,,,,,,,,,,,,,,,,,,,,,,,,
U.S. Virgin Islands,,,,52.0,,,,,,,0.1,,0.0031,,,,,,,,2.01,,,67535.0,,,,-0.49,,,,,,,,,,,,,
Chinaa,,,,,1.6,,,,,,,,,,,,,,,,,,,,,,,,,,,,,,,,,,,,
Saudi Arabiaab,,,,,7.4,,,,,,,,,,,,,,,,,,,,,,,,,,,,,,,,,,,,
Francec,,,,,1.9,,,,,,,,,,,,,,,,,,,,,,,,,,,,,,,,,,,,
Polandc,,,,,2.4,,,,,,,,,,,,,,,,,,,,,,,,,,,,,,,,,,,,
Sao Tome and Principe,,,,,,0.618,,,,,,,,,,,67.0,,,,,,,,19.3,,,,70.4,14.18,115,49.6,18.8,4.9,,,22.58,42.0,,2446.0,23.75
Republic of the Congo,,,,,,0.571,3.11,,,,,0.1,,,,1948.0,55.0,,,,,,9.6,,19.5,,,,,40.11,,,,,,,,,,,
Democratic Republic of the Congo,,,,,,0.479,1.13,,94.0,,,0.1,,,,220.0,13.0,,,,,,6.7,7011507.0,16.7,,21000.0,,,,,,,,,,,,,,
Cote d'Ivoire,,,,,,,,,88.0,,,,,,10,,,,,,,,,,20.3,,,,,,,,,,,,,,,,
State of Palestine,,,,,,,,,93.0,,,,,,,,,,,,,,,,,,,,,,,,,,,,,,,,
People's Republic of China,,,,,,,,,,3.0,,,,,,,,,,,,,,,,,,,,,,,,,,,,,,,
"Congo, Republic of",,,,,,,,,,90.7,,,,,,,,,,,,,,,,,,,64.7,,,,,,,,,,,,
"Congo, Democratic Republic of",,,,,,,,,,92.0,,,,,,,,,,,,,,,,,,,62.4,,,,,,,,,,,,
Côte d'Ivoire,,,,,,,,,,39.8,,0.1,,,,792.0,,,,,,,,10650818.0,,62.4,30298.0,,62.9,12.38,92,18,19.5,5.1,117.0,,6.36,23.0,,2778.0,26.35
Falkland Islands,,,,,,,,,,94.3, 0.1,0.1,—,,,,,,,,,,,2881.0,,,,0.01,,,,,,,,,,5000.0,,,
"Korea, North",,,,,,,,,,1.7,,,,,,,,,,,,,,,,,,,,,,,,,,,,,,,
"Korea, South",,,,,,,,,,27.6,,,,,,,,,,,,,,,,,,,,,,,,,,,,,,,
"Micronesia, Federated States of",,,,,,,,,,95.4,,,,,,,,,,,,,,,,,,,,,127,,25.5,12.5,,,,284.0,,,25.85
Pitcairn Islands,,,,,,,,,,100.0,,,,,,,,,,,,,,,,,,0.0,,,,,,,,,,,,,
Europe,,,,,,,,,,76.2,,,,,,,,,,,,,,,,,,,,,,,,,,,,,,,
Latin America and the Caribbean,,,,,,,,,,90.0,,,,,,,,,,,,,,,,,,,,,,,,,,,,,,,
Africa,,,,,,,,,,62.7,,,,,,,,,,,,,,,,,,,,,,,,,,,,,,,
Asia,,,,,,,,,,7.0,,,,,,,,,,,,,,,,,,,,,,,,,,,,,,,
North America,,,,,,,,,,77.4,,,,,,,,,,,,,,,,,,,,,,,,,,,,,,,
Oceania,,,,,,,,,,73.3,,,,,,,,,,,,,,,,,,,,,,,,,,,,,,,
Middle East-North Africa,,,,,,,,,,3.8,,,,,,,,,,,,,,,,,,,,,,,,,,,,,,,
Total,,,,,,,,,,33.4,,,,,,,,,,,,,,,,,,,,,,,,,,,,,,,
Cocos Islands,,,,,,,,,,,80,,,,,,,,,,,,,,,,,,,,,,,,,,,,,,
Tokelau,,,,,,,,,,, 0.1,,,,,,,,,,,,,,,,,-0.01,,,,,,,,,,666.0,,,
Vatican City,,,,,,,,,,,0,,,,,,,,,,,,,,,,,0.0,,,,,,,,,,,,,
Wallis and Futuna,,,,,,,,,,, 0.1,,,,,,6.0,,,,,,,1383.0,34.0,,,0.23,,,,,,,,,,264.0,,,
Western Sahara,,,,,,,,,,,99.4,,,,,,,,,,,,,,21.5,,,,,,,,,,,,,,,,
Federated States of Micronesia,,,,,,,,,,,,0.4,,,,,,,,,,,45.8,,26.3,,,,63.0,,,,,,,,,,,,
Swaziland,,,,,,,,,,,,0.1,,,7,,,,,,,91.7,,,,,,,,,,,,,,,,,,,
West Bank,,,,,,,,,,,,,2.7,16.5,,,,,,,,,,,,,,1.66,,,,,,,,,,,,,
Guinea Bissau,,,,,,,,,,,,,,,16,,,,,,,,,,,,,,,,,,,,,,,,,,
The Bahamas,,,,,,,,,,,,,,,,10920.0,,,,,,,,,32.8,62.9,,,,,,,,,,,,,,,
The Gambia,,,,,,,,,,,,,,,,253.0,,,,,,,,,21.8,52.4,,,,7.82,,,,,,,,,,,
Guernsey,,,,,,,,,,,,,,,,,,,,,,,,,44.3,,,,,,112,,,,,,,,,,
Jersey,,,,,,,,,,,,,,,,,,,,,,,,38958.0,37.5,,,,,,135,,,,,,,,,,
Northern Cyprus,,,,,,,,,,,,,,,,,,,,,,,,,,,,,,,,,,,,,,,,,
Trinidad & Tobago,,,,,,,,,,,,,,,,,76.0,,,,,,,,,,,,,,,,,,,,,,,,
Population replacement,,,,,,,,,,,,,,,,,,,,,2.1,,,,,,,,,,,,,,,,,,,,
Channel Islands -,,,,,,,,,,,,,,,,,,,,,1.46,,,,,,,,,,,,,,,,,,,,
"Hong Kong, China",,,,,,,,,,,,,,,,,,,,,,,,6970000.0,,,,,,,,,,,,,,,,,
"Macau, China",,,,,,,,,,,,,,,,,,,,,,,,619200.0,,,,,,,,,,,,,,,,,
Cabo Verde,,,,,,,,,,,,,,,,,,,,,,,,312315.0,,63.1,,,74.0,,296,36.8,21.5,5.2,,,115.64,119.0,,2541.0,23.3
"Saint Helena, Ascension and Tristan da Cunha",,,,,,,,,,,,,,,,,,,,,,,,2906.0,,,,0.11,,,,,,,,,,667.0,,,
Curacao,,,,,,,,,,,,,,,,,,,,,,,,,36.7,,,,,,,,,,,,,,,,
Saint Barthelemy,,,,,,,,,,,,,,,,,,,,,,,,,45.6,,,,,,,,,,,,,,,,
"Saint Helena, Ascension, and Tristan da Cunha",,,,,,,,,,,,,,,,,,,,,,,,,43.2,,,,,,,,,,,,,,,,
Virgin Islands,,,,,,,,,,,,,,,,,,,,,,,,,41.8,,,,,,,,,,,,,,,,
Brunei Darussalam,,,,,,,,,,,,,,,,,,,,,,,,,,65.1,,,74.3,,186,61.6,25.1,4.4,,,70.47,1584.0,91.0,2985.0,26.85
Kyrgyz Republic,,,,,,,,,,,,,,,,,,,,,,,,,,62.3,,,,,,,,,,,,,,,
Democratic Republic of Congo,,,,,,,,,,,,,,,,,,,,,,,,,,50.3,,,,,,,,,,,,,,,
Republic of Congo,,,,,,,,,,,,,,,,,,,,,,,,,,39.7,,,,,,,,,,,,,,,
Saudi Arabia ,,,,,,,,,,,,,,,,,,,,,,,,,,,10644394.0,,,,,,,,,,,,,,
Iraq ,,,,,,,,,,,,,,,,,,,,,,,,,,,4470506.0,,,,,,,,,,,,,,
United Arab Emirates ,,,,,,,,,,,,,,,,,,,,,,,,,,,3467870.0,,,,,,,,,,,,,,
Iran ,,,,,,,,,,,,,,,,,,,,,,,,,,,3293401.0,,,,,,,,,,,,,,
Kuwait ,,,,,,,,,,,,,,,,,,,,,,,,,,,2825724.0,,,,,,,,,,,,,,
Nigeria ,,,,,,,,,,,,,,,,,,,,,,,,,,,1316415.0,,,,,,,,,,,,,,
Algeria ,,,,,,,,,,,,,,,,,,,,,,,,,,,1211863.0,,,,,,,,,,,,,,
Angola ,,,,,,,,,,,,,,,,,,,,,,,,,,,1165993.0,,,,,,,,,,,,,,
Libya ,,,,,,,,,,,,,,,,,,,,,,,,,,,1057890.0,,,,,,,,,,,,,,
Venezuela ,,,,,,,,,,,,,,,,,,,,,,,,,,,703658.0,,,,,,,,,,,,,,
Republic of the Congo ,,,,,,,,,,,,,,,,,,,,,,,,,,,272928.0,,,,,,,,,,,,,,
Gabon ,,,,,,,,,,,,,,,,,,,,,,,,,,,195808.0,,,,,,,,,,,,,,
Equatorial Guinea ,,,,,,,,,,,,,,,,,,,,,,,,,,,118384.0,,,,,,,,,,,,,,
Caribbean Netherlands,,,,,,,,,,,,,,,,,,,,,,,,,,,,,,,,,,,,,,,,,
Christmas Island,,,,,,,,,,,,,,,,,,,,,,,,,,,,1.11,,,,,,,,,,,,,
Norfolk Island,,,,,,,,,,,,,,,,,,,,,,,,,,,,0.01,,,,,,,,,,,,,
Svalbard,,,,,,,,,,,,,,,,,,,,,,,,,,,,-0.03,,,,,,,,,,,,,
Gaza Strip,,,,,,,,,,,,,,,,,,,,,,,,,,,,1.99,,,,,,,,,,,,,
United States of America,,,,,,,,,,,,,,,,,,,,,,,,,,,,,78.5,124.11,,,,,,,,,,,
Viet Nam,,,,,,,,,,,,,,,,,,,,,,,,,,,,,73.7,,,,,,,,,,,,
Macao,,,,,,,,,,,,,,,,,,,,,,,,,,,,,,103.15,197,81.2,,2.7,,,37.46,3736.0,,,
Reunion,,,,,,,,,,,,,,,,,,,,,,,,,,,,,,,,,,,,,,,,,
"Congo, The Democratic Republic of the",,,,,,,,,,,,,,,,,,,,,,,,,,,,,,,24,48,19.0,1.5,595.0,,,5.0,64.0,,24
Czechia,,,,,,,,,,,,,,,,,,,,,,,,,,,,,,,187,,29.8,5.6,22.0,,195.2,2358.0,16474.0,3277.0,7.55
"Iran, Islamic Republic of",,,,,,,,,,,,,,,,,,,,,,,,,,,,,,,228,36.8,23.8,4.0,1.9,,46.69,863.0,102691.0,3087.0,17.25
Kosovo ,,,,,,,,,,,,,,,,,,,,,,,,,,,,,,,93,,,,,,,,,,
Lao People's Democratic Republic,,,,,,,,,,,,,,,,,,,,,,,,,,,,,,,166,58.6,20.5,2.9,,,2.92,42.0,88.0,2758.0,22.8
Northern Ireland  ,,,,,,,,,,,,,,,,,,,,,,,,,,,,,,,99,,,,,,,,,,
Russian Federation,,,,,,,,,,,,,,,,,,,,,,,,,,,,,,,300,99.2,25.5,3.7,4.0,,163.57,819.0,115171.0,3345.0,−5.35
Scotland  ,,,,,,,,,,,,,,,,,,,,,,,,,,,,,,,141,,,,,,,,,,
Syrian Arab Republic,,,,,,,,,,,,,,,,,,,,,,,,,,,,,,,60,39,26.3,5.1,3753.0,,111.43,40.0,1138.0,,17.75
"Virgin Islands, British",,,,,,,,,,,,,,,,,,,,,,,,,,,,,,,368,,,,,,,200.0,,,
"Virgin Islands, U.S.",,,,,,,,,,,,,,,,,,,,,,,,,,,,,,,345,,,,,,,149.0,,,
"Bonaire, Sint Eustatius and Saba",,,,,,,,,,,,,,,,,,,,,,,,,,,,,,,,,,,,,,,,,
"Palestine, State of",,,,,,,,,,,,,,,,,,,,,,,,,,,,,,,,63.9,20.1,5.3,,,,230.0,114.0,,
Pitcairn,,,,,,,,,,,,,,,,,,,,,,,,,,,,,,,,,,,,,,,,,
Svalbard and Jan Mayen,,,,,,,,,,,,,,,,,,,,,,,,,,,,,,,,,,,,,,1021.0,,,
Somaliland,,,,,,,,,,,,,,,,,,,,,,,,,,,,,,,,,,9.6,,,,,,,
British Indian Ocean Territory,,,,,,,,,,,,,,,,,,,,,,,,,,,,,,,,,,,,,,1000.0,,,
